,Image,Dice,Jaccard
0,seg_pred_att\00178.png,0.9196717234518778,0.8512891344383057
1,seg_pred_att\00179.png,0.759812050856827,0.6126587920659684
