,Image,Dice,Jaccard
0,seg_pred_att\00178.png,0.9283773771301557,0.866328647153722
1,seg_pred_att\00179.png,0.9322942036044812,0.8731751824817519
