,Image,Dice,Jaccard
0,seg_pred_att\00178.png,0.928165884966675,0.8659603869184708
1,seg_pred_att\00179.png,0.9416596207271409,0.8897511983565396
