,Image,Dice,Jaccard
0,seg_pred_att\00178.png,0.7999444290080577,0.6665894883074786
1,seg_pred_att\00179.png,0.7164941143100271,0.558232044198895
